{
  "skillManifest": {
    "publishingInformation": {
      "locales": {
        "en-US": {
          "summary": "Sample Short Description",
          "examplePhrases": [
            "Alexa open hello world",
            "Alexa tell hello world I am Jeff",
            "Alexa tell hello world my name is Peter"
          ],
          "name": "candidate-portal",
          "description": "Sample Full Description"
        }
      },
      "isAvailableWorldwide": true,
      "testingInstructions": "Sample Testing Instructions.",
      "category": "EDUCATION_AND_REFERENCE",
      "distributionCountries": []
    },
    "manifestVersion": "1.0"
  }
}
